{
  "TX_AMOUNT": -0.5507563630298213,
  "TX_TIME_SECONDS": -0.7868029999542437,
  "TX_TIME_DAYS": -0.7966978004165816,
  "CUSTOMER_ID_NB_TX_1DAY_WINDOW": -0.3009260809687386,
  "CUSTOMER_ID_AVG_AMOUNT_1DAY_WINDOW": -0.8656171433886644,
  "CUSTOMER_ID_NB_TX_7DAY_WINDOW": -0.302086647450731,
  "CUSTOMER_ID_AVG_AMOUNT_7DAY_WINDOW": -1.0248651304562173,
  "CUSTOMER_ID_NB_TX_30DAY_WINDOW": 1.0312726468051006,
  "CUSTOMER_ID_AVG_AMOUNT_30DAY_WINDOW": -1.0163216230355592,
  "TERMINAL_ID_NB_TX_1DAY_WINDOW": 1.0494066960490906,
  "TERMINAL_ID_RISK_1DAY_WINDOW": 15.269314482096672,
  "TERMINAL_ID_NB_TX_7DAY_WINDOW": 1.3493356948050697,
  "TERMINAL_ID_RISK_7DAY_WINDOW": 14.636786246635555,
  "TERMINAL_ID_NB_TX_30DAY_WINDOW": 0.4006731822491235,
  "TERMINAL_ID_RISK_30DAY_WINDOW": 7.105092251572844,
  "hour": 1.4866191709779777,
  "day": 1.787784627296212,
  "month": -1.2680035252445718,
  "weekday": -1.474884990167121,
  "is_weekend": -0.6293048361452741,
  "is_night": -0.4199819004680062,
  "amount_deviation": 0.2204787501970997,
  "high_amount": -0.22917381337528,
  "tx_velocity": -0.4770374679558477,
  "scaled": false
}